region_id	region_name	total	primary	secondary	gce_ordinary_level	gce_advanced_level	degree_and_above	no_schooling
LK	Sri Lanka	18,615,577	4,390,536	7,571,816	3,159,402	2,293,841	499,563	700,419
LK-11	Colombo	2,157,744	352,475	745,173	478,323	407,018	122,334	52,421
LK-1103	Colombo	295,916	71,175	127,855	49,694	28,635	5,174	13,383
LK-1103005	Sammanthranapura	7,026	2,312	3,353	530	206	14	611
LK-1103010	Mattakkuliya	25,611	5,748	10,204	4,807	3,012	765	1,075
LK-1103015	Modara	16,210	3,503	6,613	3,242	1,983	257	612
LK-1103020	Madampitiya	11,603	4,312	5,247	637	228	23	1,156
LK-1103025	Mahawatta	8,055	2,219	3,412	1,228	486	72	638
LK-1103030	Aluthmawatha	12,521	2,518	5,091	2,649	1,596	301	366
LK-1103035	Lunupokuna	11,590	2,270	4,913	2,323	1,372	322	390
LK-1103040	Bloemendhal	12,674	3,160	5,653	1,927	1,174	208	552
LK-1103045	Kotahena East	6,037	814	1,879	1,578	1,317	341	108
LK-1103050	Kotahena West	8,782	1,624	3,339	1,929	1,341	254	295
LK-1103055	Kochchikade North	8,759	1,970	3,851	1,728	776	79	355
LK-1103060	Jinthupitiya	7,573	1,592	3,213	1,430	826	197	315
LK-1103065	Masangasweediya	7,700	1,797	3,372	1,335	729	150	317
LK-1103070	New Bazaar	12,118	3,508	5,556	1,548	605	110	791
LK-1103075	Grandpass South	15,963	4,217	7,831	2,155	922	113	725
LK-1103080	Grandpass North	8,083	2,015	3,639	1,357	616	71	385
LK-1103085	Nawagampura	6,222	1,604	3,031	841	326	36	384
LK-1103090	Maligawatta East	10,412	2,458	4,838	1,753	867	147	349
LK-1103095	Khettarama	12,178	4,219	5,639	983	398	42	897
LK-1103100	Aluthkade East	9,097	2,522	4,149	1,321	637	78	390
LK-1103105	Aluthkade West	6,832	1,689	3,110	1,131	534	74	294
LK-1103110	Kochchikade South	7,129	1,701	3,000	1,297	730	77	324
LK-1103115	Pettah	1,917	181	939	525	233	15	24
LK-1103120	Fort	1,449	71	176	504	624	62	12
LK-1103125	Galle Face	3,474	845	1,674	514	259	54	128
LK-1103130	Slave Island	3,527	766	1,648	678	288	37	110
LK-1103135	Hunupitiya	6,324	1,468	2,646	1,105	748	110	247
LK-1103140	Suduwella	3,624	723	1,556	769	388	58	130
LK-1103145	Keselwatta	6,600	1,674	3,063	905	532	89	337
LK-1103150	Panchikawatta	7,684	1,884	3,966	1,072	442	62	258
LK-1103155	Maligawatta West	8,260	1,588	2,843	1,992	1,352	305	180
LK-1103160	Maligakanda	7,814	1,607	3,009	1,651	1,160	184	203
LK-1103165	Maradana	4,273	831	1,820	892	525	63	142
LK-1103170	Ibbanwala	2,522	233	429	413	1,063	339	45
LK-1103175	Wekanda	6,273	1,532	3,153	945	340	65	238
LK-1106	Kolonnawa	175,925	32,604	72,520	35,698	24,509	5,213	5,381
LK-1106005	Wadulla	6,871	1,969	3,182	810	284	27	599
LK-1106010	Sedawatta	6,327	1,760	3,148	708	198	19	494
LK-1106015	Halmulla	2,113	450	959	369	218	61	56
LK-1106020	Kotuvila	4,654	1,014	2,555	567	334	38	146
LK-1106025	Veheragoda	1,919	571	954	214	71	9	100
LK-1106030	Orugodawatta	5,391	1,509	2,433	687	225	12	525
LK-1106035	Meethotamulla	7,707	1,705	3,423	1,373	728	135	343
LK-1106040	Welewatta	4,202	948	2,214	582	323	31	104
LK-1106045	Kittampahuwa	5,206	1,055	2,490	922	521	86	132
LK-1106050	Wennawatta	6,861	1,276	3,159	1,544	655	99	128
LK-1106055	Maha Buthgamuwa B	3,394	603	1,623	639	382	64	83
LK-1106060	Kuda Buthgamuwa	4,294	590	1,695	932	796	213	68
LK-1106065	Kelanimulla	3,725	646	1,710	691	517	75	86
LK-1106070	Ambathale	2,567	413	1,061	549	406	94	44
LK-1106075	Mulleriyawa North	4,100	644	1,590	1,032	658	98	78
LK-1106080	Belagama	3,039	431	992	848	618	109	41
LK-1106085	Kotikawatta East	3,280	445	1,074	774	703	243	41
LK-1106090	Maha Buthgamuwa A	3,087	448	1,054	803	640	101	41
LK-1106095	Maha Buthgamuwa C	3,731	601	1,324	898	625	217	66
LK-1106100	Wellampitiya	2,058	350	698	550	356	52	52
LK-1106105	Kuruniyawatta	3,291	788	1,734	455	125	22	167
LK-1106110	Kolonnawa	2,173	313	786	556	392	95	31
LK-1106115	Dahampura	5,358	1,210	2,396	847	549	101	255
LK-1106120	Singhapura	3,794	873	1,794	589	298	72	168
LK-1106125	Megoda Kolonnawa	9,018	2,019	4,295	1,533	790	128	253
LK-1106130	Bopetta	2,959	540	1,196	669	412	82	60
LK-1106135	Batalandahena	4,309	787	1,767	880	664	121	90
LK-1106140	Kotikawatta West	2,745	367	957	699	602	88	32
LK-1106145	Mulleriyawa South	4,603	641	1,718	1,087	926	171	60
LK-1106150	Malgama	4,724	683	1,760	1,128	909	164	80
LK-1106155	Udumulla North	2,422	398	958	551	388	77	50
LK-1106160	Maligagodella	1,925	313	821	364	337	49	41
LK-1106165	Rajasinghagama	5,978	959	2,078	1,341	1,126	233	241
LK-1106170	Udumulla South	2,252	323	951	526	311	112	29
LK-1106175	Himbutana East	3,577	505	1,270	885	691	174	52
LK-1106180	Himbutana West	3,091	415	1,082	654	688	210	42
LK-1106185	Malpura	3,812	602	1,304	882	705	139	180
LK-1106190	Gothatuwa New Town	1,811	212	500	490	489	106	14
LK-1106195	Kajugahawatta	2,418	264	763	666	537	156	32
LK-1106200	Gothatuwa	2,377	329	961	508	456	96	27
LK-1106205	Salamulla	4,780	802	1,571	1,335	802	197	73
LK-1106210	Wijayapura	2,899	385	815	805	713	142	39
LK-1106215	Gajabapura	2,360	328	753	622	466	136	55
LK-1106220	Madinnagoda	3,511	479	1,236	888	638	236	34
LK-1106225	Elhena	2,044	277	711	475	423	136	22
LK-1106230	Dodamgahahena	3,168	364	1,005	771	814	187	27
LK-1109	Kaduwela	234,186	32,883	73,561	56,413	51,068	16,286	3,975
LK-1109005	Welivita	4,599	641	1,564	1,201	915	207	71
LK-1109010	Raggahawatta	3,727	583	1,477	785	651	173	58
LK-1109015	Hewagama	3,855	563	1,034	1,143	895	164	56
LK-1109020	Kaduwela	4,063	637	1,572	863	703	214	74
LK-1109025	Pahala Bomiriya	3,911	583	1,451	822	773	172	110
LK-1109030	Ihala Bomiriya	3,917	586	1,124	1,082	891	168	66
LK-1109035	Wekewatta	3,526	557	1,299	744	706	135	85
LK-1109040	Nawagamuwa	5,073	868	2,213	1,087	690	118	97
LK-1109045	Pahala Bomiriya B	4,465	752	1,603	1,118	749	121	122
LK-1109050	Welihinda	1,914	366	760	411	285	45	47
LK-1109055	Kothalawala	5,719	602	1,492	1,492	1,629	435	69
LK-1109060	Mahadeniya	5,019	759	1,746	1,038	1,069	324	83
LK-1109065	Thalahena North	2,939	402	1,179	662	486	144	66
LK-1109070	Malabe North	7,197	755	1,551	1,648	2,427	727	89
LK-1109075	Thunadahena	4,076	641	1,385	988	823	151	88
LK-1109080	Korathota	8,470	1,400	3,045	2,146	1,440	249	190
LK-1109085	Nawagamuwa South	2,643	412	1,158	630	347	53	43
LK-1109090	Batewela	1,768	226	613	444	392	55	38
LK-1109095	Ranala	4,484	686	1,997	1,024	612	95	70
LK-1109100	Dedigamuwa	1,932	308	834	448	284	36	22
LK-1109105	Embilladeniya	1,739	286	745	296	333	44	35
LK-1109110	Welipillewa	2,394	429	1,015	512	333	46	59
LK-1109115	Shanthalokagama	6,320	844	1,848	1,576	1,480	471	101
LK-1109120	Pore	4,748	749	1,613	1,128	911	264	83
LK-1109125	Malabe East	5,520	738	1,585	1,320	1,345	436	96
LK-1109130	Malabe West	4,783	624	1,254	1,282	1,113	440	70
LK-1109135	Thalangama North B	3,548	392	706	819	1,157	416	58
LK-1109140	Thalahena South	2,622	355	723	626	651	230	37
LK-1109145	Muttettugoda	6,272	879	1,671	1,450	1,650	533	89
LK-1109150	Thalangama North A	8,695	1,063	2,144	2,351	2,248	794	95
LK-1109155	Walpola	7,999	938	2,477	2,010	1,900	579	95
LK-1109160	Kalapaluwawa	4,033	477	920	1,047	1,107	426	56
LK-1109165	Kotuwegoda	2,865	476	827	576	581	330	75
LK-1109170	Subhoothipura	2,452	263	584	589	715	265	36
LK-1109175	Udumulla	2,340	238	437	564	755	316	30
LK-1109180	Battaramulla North	1,917	169	553	508	441	223	23
LK-1109185	Batapotha	7,060	1,071	2,407	1,655	1,366	438	123
LK-1109190	Pothuarawa	6,844	882	1,867	1,671	1,780	562	82
LK-1109195	Hokandara North	5,782	842	2,228	1,204	1,047	350	111
LK-1109200	Oruwala	4,114	638	1,389	1,014	837	198	38
LK-1109205	Athurugiriya	5,418	710	1,809	1,404	1,102	296	97
LK-1109210	Thaldiyawala	2,803	399	751	721	660	221	51
LK-1109215	Boralugoda	2,906	477	1,006	622	606	147	48
LK-1109220	Hokandara East	4,696	762	1,400	1,122	958	377	77
LK-1109225	Arangala	5,133	691	1,627	1,398	1,043	286	88
LK-1109230	Evarihena	2,421	402	894	526	409	155	35
LK-1109235	Kumaragewatta	4,743	609	1,195	1,334	877	647	81
LK-1109240	Jayawadanagama	2,064	194	489	661	485	212	23
LK-1109245	Aruppitiya	2,184	334	809	560	305	133	43
LK-1109250	Asiri Uyana	2,886	355	718	628	737	405	43
LK-1109255	Battaramulla South	1,476	149	318	304	411	276	18
LK-1109260	Rajamalwatta	1,926	203	397	430	582	296	18
LK-1109265	Pahalawela	4,215	445	835	945	1,210	684	96
LK-1109270	Wickramasinghapura	2,968	383	871	675	661	326	52
LK-1109275	Wellangiriya	4,382	785	1,836	708	644	276	133
LK-1109280	Hokandara South	5,167	802	1,468	1,475	1,105	246	71
LK-1109285	Athurugiriya South	3,454	503	1,048	926	756	156	65
LK-1112	Homagama	219,780	32,089	72,403	57,524	44,057	10,131	3,576
LK-1112005	Jalthara	6,646	970	1,974	1,913	1,389	308	92
LK-1112010	Henpita	1,361	230	529	320	199	32	51
LK-1112015	Atigala West	1,380	200	390	473	247	32	38
LK-1112020	Atigala East	1,766	291	835	335	238	35	32
LK-1112025	Batawala	1,618	278	743	303	230	33	31
LK-1112030	Walpita	1,508	253	496	427	281	29	22
LK-1112035	Nawalamulla	2,723	490	1,004	718	405	59	47
LK-1112040	Meegasmulla	2,797	437	894	771	529	94	72
LK-1112045	Habarakada North	2,487	466	960	537	406	78	40
LK-1112050	Mullegama North	1,157	162	423	322	201	33	16
LK-1112055	Mullegama South	2,881	454	1,127	599	551	93	57
LK-1112060	Habarakada South	2,225	308	685	640	485	82	25
LK-1112065	Panagoda Town	1,650	249	589	403	313	82	14
LK-1112070	Henawatta	6,240	1,042	2,193	1,470	1,100	289	146
LK-1112075	Meegoda North	2,812	435	1,207	657	396	69	48
LK-1112080	Panaluwa	4,341	794	1,684	1,027	628	101	107
LK-1112085	Watareka North	3,827	600	1,119	1,057	831	173	47
LK-1112090	Meegoda South	1,951	244	534	613	429	103	28
LK-1112095	Godagama North	1,309	159	367	355	335	76	17
LK-1112100	Panagoda West	2,848	353	590	915	769	184	37
LK-1112105	Panagoda East	1,325	121	551	472	162	10	9
LK-1112110	Habarakada Watta	2,892	337	641	968	771	140	35
LK-1112115	Homagama North	1,705	234	536	461	369	81	24
LK-1112120	Homagama West	3,020	436	934	847	615	131	57
LK-1112125	Homagama South	2,868	388	811	835	598	180	56
LK-1112130	Galavilawatta North	3,312	331	775	842	977	352	35
LK-1112135	Homagama Town	2,688	322	816	624	707	190	29
LK-1112140	Homagama East	2,025	248	680	584	343	140	30
LK-1112145	Pitipana Town	2,880	314	506	831	978	225	26
LK-1112150	Godagama South	2,938	383	814	776	723	204	38
LK-1112155	Kurunduwatta	3,561	485	945	1,064	853	146	68
LK-1112160	Gehenuwala	1,884	245	473	606	433	103	24
LK-1112165	Watareka South	5,964	850	2,166	1,496	1,169	198	85
LK-1112170	Ovitigama	4,261	722	1,883	966	538	91	61
LK-1112175	Kandanawatta	2,544	460	1,093	525	353	50	63
LK-1112180	Kiriberiyakele	3,071	375	855	880	620	300	41
LK-1112185	Mawathgama	2,278	370	759	631	386	104	28
LK-1112190	Katuwana	3,965	425	900	1,125	1,155	315	45
LK-1112195	Galavilawatta South	3,142	374	753	751	932	292	40
LK-1112200	Niyandagala	3,583	343	1,094	1,099	811	188	48
LK-1112205	Hiripitiya	4,133	588	1,529	965	776	203	72
LK-1112210	Mambulgoda	2,761	371	809	705	664	166	46
LK-1112215	Kithulhena	1,482	167	418	342	404	141	10
LK-1112220	Siddamulla North	2,274	259	531	642	635	178	29
LK-1112225	Siddamulla South	2,276	252	524	701	605	167	27
LK-1112230	Mattegoda West	4,598	528	1,175	1,268	1,224	352	51
LK-1112235	Mattegoda Central 'A'	1,790	161	467	431	529	183	19
LK-1112240	Mattegoda East	3,354	466	1,188	802	624	146	128
LK-1112245	Brahmanagama	4,303	615	1,769	1,072	654	113	80
LK-1112250	Deepangoda	2,998	463	1,229	643	504	104	55
LK-1112255	Magammana West	2,298	345	980	512	350	67	44
LK-1112260	Magammana East	3,736	575	1,358	934	673	141	55
LK-1112265	Uduwana	2,946	406	1,178	744	467	95	56
LK-1112270	Prasannapura	2,444	432	833	651	416	63	49
LK-1112275	Pitipana North	3,466	566	1,140	918	652	118	72
LK-1112280	Suwapubudugama	1,937	395	731	458	265	38	50
LK-1112285	Pitipana South	2,620	431	897	671	486	91	44
LK-1112290	Dolahena	3,617	616	1,255	1,007	614	71	54
LK-1112295	Diyagama East	1,406	231	435	475	218	34	13
LK-1112300	Diyagama West	1,788	280	614	475	331	64	24
LK-1112305	Kirigampamunuwa	2,953	512	1,110	712	468	119	32
LK-1112310	Mattegoda Central 'B'	2,800	233	411	693	1,123	321	19
LK-1112315	Siyambalagoda North	3,796	477	1,384	1,026	691	173	45
LK-1112320	Kudamaduwa	2,825	452	961	657	583	122	50
LK-1112325	Sangharama	1,987	286	603	464	464	146	24
LK-1112330	Siyambalagoda South	1,723	219	527	469	376	112	20
LK-1112335	Rilawala	1,566	241	541	422	279	56	27
LK-1112340	Kahathuduwa West	2,954	550	1,128	705	445	70	56
LK-1112345	Kiriwattuduwa South	2,612	486	1,009	648	353	61	55
LK-1112350	Kiriwattuduwa North	1,913	334	649	532	304	56	38
LK-1112355	Moonamale ‐ Yakahaluwa	2,304	371	760	658	413	57	45
LK-1112360	Kithulavila	2,927	466	968	816	530	99	48
LK-1112365	Kahathuduwa North	2,442	449	847	508	417	174	47
LK-1112370	Kahathuduwa East	1,959	312	750	463	289	101	44
LK-1112375	Kahathuduwa South	2,835	367	980	770	572	103	43
LK-1112380	Undurugoda	1,207	176	343	364	250	56	18
LK-1112385	Wethara	1,856	228	426	582	487	113	20
LK-1112390	Ambalangoda	1,878	285	555	578	366	70	24
LK-1112395	Heraliyawala	890	122	258	292	166	29	23
LK-1112400	Palagama	2,212	379	1,022	434	277	64	36
	Weniwelkola	4,481	819	1,783	1,077	658	69	75
LK-1115	Seethawaka	104,383	20,148	43,085	20,959	14,502	2,791	2,898
LK-1115005	Bollathawa	1,546	309	786	246	148	21	36
LK-1115010	Kanampella West	1,648	293	696	357	237	45	20
LK-1115015	Kanampella East	991	204	433	179	106	19	50
LK-1115020	Manakada	556	109	247	118	66	9	7
LK-1115025	Eswatta North	1,890	309	674	479	311	49	68
LK-1115030	Kiriwandala North	3,022	748	1,086	469	409	63	247
LK-1115035	Kudagama	1,553	213	824	292	146	36	42
LK-1115040	Weralupitiya	752	114	475	61	67	9	26
LK-1115045	Seethagama	2,126	264	597	663	485	81	36
LK-1115050	Avissawella	2,172	321	878	443	408	42	80
LK-1115055	Ukwatta	2,465	348	708	739	502	92	76
LK-1115060	Agra Pedesa	1,854	209	463	652	436	79	15
LK-1115065	Eswatta South	1,501	255	606	341	225	35	39
LK-1115070	Ihala Kosgama North	2,447	371	1,081	482	388	69	56
LK-1115075	Thawalgoda	1,265	226	535	295	163	29	17
LK-1115080	Muruthagama	983	150	495	172	123	25	18
LK-1115085	Akaravita	1,073	165	555	194	121	22	16
LK-1115090	Kahatapitiya	1,063	221	512	178	109	17	26
LK-1115095	Kalu Aggala	1,326	274	536	212	204	39	61
LK-1115100	Salawa	2,291	393	912	526	353	61	46
LK-1115105	Pahala Kosgama West	1,780	404	700	342	244	50	40
LK-1115110	Pahala Kosgama East	1,687	271	701	324	301	53	37
LK-1115115	Ihala Kosgama South	1,197	210	643	77	200	41	26
LK-1115120	Miriswatta	1,916	349	644	494	331	52	46
LK-1115125	Aluth Ambalama	1,688	351	708	333	223	29	44
LK-1115130	Kiriwandala South	1,952	372	851	325	298	48	58
LK-1115135	Kotahera	1,596	318	611	359	213	25	70
LK-1115140	Seethawaka	1,740	246	502	510	363	84	35
LK-1115145	Aradhana Kanda	2,740	415	815	678	592	180	60
LK-1115150	Puwakpitiya South	3,501	1,032	1,584	534	209	35	107
LK-1115155	Puwakpitiya	1,204	241	327	304	250	47	35
LK-1115160	Egodagama	1,199	194	553	189	200	35	28
LK-1115165	Weragolla North	1,719	404	749	241	214	38	73
LK-1115170	Hingurala	1,918	423	984	288	138	37	48
LK-1115175	Kadugoda North	1,327	219	562	277	211	41	17
LK-1115180	Mawalgama	1,879	285	746	497	293	27	31
LK-1115185	Suduwella	3,235	666	1,393	512	440	146	78
LK-1115190	Gira Imbula	858	154	310	202	153	14	25
LK-1115195	Walawwatta	1,252	396	729	44	21	0	62
LK-1115200	Pahala Hanwella	1,385	227	544	359	201	26	28
LK-1115205	Hanwella Town	2,771	398	1,157	654	425	94	43
LK-1115210	Ihala Hanwella North	1,398	239	560	280	225	72	22
LK-1115215	Niripola	1,553	247	493	412	282	107	12
LK-1115220	Brandigampala	1,078	175	376	307	170	35	15
LK-1115225	Kadugoda South	1,588	308	590	327	226	106	31
LK-1115230	Weragolla South	1,197	375	527	140	55	11	89
LK-1115235	Digana	1,336	364	569	187	121	42	53
LK-1115240	Lahirugama	1,941	639	938	199	67	15	83
LK-1115245	Mambula	1,041	193	478	188	137	14	31
LK-1115250	Welikanna	1,374	231	501	311	261	46	24
LK-1115255	Kahahena	1,494	212	499	419	286	53	25
LK-1115260	Neluwattuduwa	614	102	157	192	124	26	13
LK-1115265	Diddeniya North	1,569	313	724	282	182	23	45
LK-1115270	Ihala Hanwella South	960	186	407	173	150	19	25
LK-1115275	Pahathgama	1,705	293	728	368	236	59	21
LK-1115280	Jayaweeragoda	1,573	311	644	373	177	35	33
LK-1115285	Koodaluvila	2,552	561	1,290	359	243	19	80
LK-1115290	Thunnana East	784	200	441	80	27	7	29
LK-1115295	Diddeniya South	1,127	215	524	206	135	20	27
LK-1115300	Elamalawala	565	111	248	134	55	5	12
LK-1115305	Ilukovita	484	127	220	83	36	3	15
LK-1115310	Koswatta	645	156	301	108	43	2	35
LK-1115315	Pagngnagula	699	204	261	146	54	6	28
LK-1115320	Pelpola	681	127	192	221	108	15	18
LK-1115325	Kudakanda	1,173	295	599	122	110	21	26
LK-1115330	Thunnana West	1,565	399	827	152	88	27	72
LK-1115335	Mawathagama West	1,770	346	741	372	242	35	34
LK-1115340	Mawathagama East	849	148	338	177	135	24	27
LK-1118	Padukka	60,183	11,250	24,000	12,980	8,749	1,913	1,291
LK-1118005	Pinnawala North	780	128	317	177	129	14	15
LK-1118010	Pinnawala South	1,386	243	588	306	183	38	28
LK-1118015	Waga North	792	166	381	133	78	6	28
LK-1118020	Waga East	1,638	401	788	212	151	32	54
LK-1118025	Thummodara	737	163	319	137	66	14	38
LK-1118030	Waga South	899	210	394	175	67	7	46
LK-1118035	Siyambalawa	1,733	339	727	323	239	75	30
LK-1118040	Pahala Bope	989	187	468	141	144	22	27
LK-1118045	Halpe	674	214	239	129	52	14	26
LK-1118050	Waga West	1,240	227	448	301	211	28	25
LK-1118055	Uggalla	1,743	415	798	296	178	25	31
LK-1118060	Wewelpanawa	647	106	292	108	107	22	12
LK-1118065	Pitumpe North	1,347	237	457	323	273	42	15
LK-1118070	Pitumpe South	1,234	213	507	268	178	43	25
LK-1118075	Galagedara East	2,539	485	1,212	416	273	99	54
LK-1118080	Galagedara North	2,201	355	569	614	477	157	29
LK-1118085	Galagedara South	1,152	161	379	299	225	73	15
LK-1118090	Padukka	2,737	350	686	788	688	184	41
LK-1118095	Arukwatta North	1,386	231	415	374	283	51	32
LK-1118100	Arukwatta South	2,017	318	786	450	352	87	24
LK-1118105	Ganegoda	1,051	191	419	247	155	12	27
LK-1118110	Angampitiya	2,008	333	960	456	180	44	35
LK-1118115	Weragala	1,677	323	797	343	134	55	25
LK-1118120	Angamuwa	1,472	306	581	343	187	22	33
LK-1118125	Udumulla	2,169	345	931	468	312	76	37
LK-1118130	Poregedara	987	174	375	236	146	32	24
LK-1118135	Pahala Padukka	1,232	154	387	299	299	80	13
LK-1118140	Liyanwala	1,089	188	410	247	197	35	12
LK-1118145	Kurugala	1,360	245	562	328	181	17	27
LK-1118150	Madulawa South	905	136	309	254	172	22	12
LK-1118155	Madulawa North	1,238	226	475	333	157	21	26
LK-1118160	Horakandawala	1,871	387	895	352	162	31	44
LK-1118165	Dampe	1,386	265	537	328	208	30	18
LK-1118170	Beruketiya	1,731	303	493	486	344	74	31
LK-1118175	Horagala West	1,202	276	629	125	118	16	38
LK-1118180	Horagala East	1,635	310	721	295	205	70	34
LK-1118185	Beliattavila	689	146	271	143	94	16	19
LK-1118190	Miriyagalla	1,256	260	542	236	162	25	31
LK-1118195	Malagala	1,624	271	712	380	185	35	41
LK-1118200	Kahawala	868	160	320	202	135	25	26
LK-1118205	Yatawathura	709	151	253	168	93	24	20
LK-1118210	Mahingala	559	161	222	86	60	10	20
LK-1118215	Ihala Bope	1,295	233	505	241	238	62	16
LK-1118220	Gurulana	845	158	333	197	102	26	29
LK-1118225	Udagama	710	177	290	108	100	14	21
LK-1118230	Dambora	744	222	301	109	69	6	37
LK-1121	Maharagama	184,284	22,520	52,968	43,459	46,269	16,291	2,777
LK-1121005	Mirihana South	5,720	701	1,915	1,179	1,151	650	124
LK-1121010	Mirihana North	5,813	720	1,870	1,624	1,159	364	76
LK-1121015	Madiwela	5,849	774	1,728	1,384	1,279	551	133
LK-1121020	Thalawathugoda West	5,113	718	1,547	1,089	1,075	592	92
LK-1121025	Thalawathugoda East	5,893	729	1,451	1,396	1,495	743	79
LK-1121030	Kalalgoda	4,607	644	1,322	1,060	1,085	424	72
LK-1121035	Kottawa East	5,204	750	1,682	1,208	1,087	418	59
LK-1121040	Rukmale West	4,132	503	1,273	1,069	964	257	66
LK-1121045	Rukmale East A	1,167	165	379	233	290	91	9
LK-1121050	Rukmale East B	2,546	309	715	650	649	173	50
LK-1121055	Liyanagoda	4,000	624	1,470	923	722	206	55
LK-1121060	Kottawa North	2,300	294	616	591	585	186	28
LK-1121065	Depanama	7,138	934	1,890	1,854	1,777	591	92
LK-1121070	Polwatta	3,280	420	948	789	780	287	56
LK-1121075	Pamunuwa	4,286	606	1,329	1,067	936	248	100
LK-1121080	Thalapathpitiya	6,642	799	1,752	1,401	2,062	527	101
LK-1121085	Pragathipura	5,402	1,081	2,627	980	498	78	138
LK-1121090	Udahamulla East	5,898	800	2,077	1,310	1,125	460	126
LK-1121095	Udahamulla West	4,452	555	1,108	1,062	1,185	492	50
LK-1121100	Pathiragoda	6,139	712	1,967	1,511	1,360	500	89
LK-1121105	Maharagama East	3,463	382	1,076	831	845	293	36
LK-1121110	Maharagama West	2,327	293	611	515	636	244	28
LK-1121115	Dambahena	4,904	558	1,089	1,216	1,367	623	51
LK-1121120	Pannipitiya North	3,803	432	1,031	937	994	350	59
LK-1121125	Kottawa West	2,592	321	718	593	647	272	41
LK-1121130	Kottawa South	6,690	874	2,292	1,533	1,461	402	128
LK-1121135	Malapalla West	2,506	308	689	697	608	167	37
LK-1121140	Malapalla East	3,396	438	958	840	918	199	43
LK-1121145	Makumbura North	3,273	359	966	799	850	262	37
LK-1121150	Makumbura South	1,507	152	426	371	424	105	29
LK-1121155	Kottawa Town	5,191	549	1,330	1,387	1,237	615	73
LK-1121160	Pannipitiya South	2,117	223	482	488	640	258	26
LK-1121165	Maharagama Town	5,150	526	1,043	1,387	1,501	625	68
LK-1121170	Godigamuwa South	4,864	559	1,303	1,225	1,300	407	70
LK-1121175	Godigamuwa South B	6,865	792	2,316	1,843	1,422	394	98
LK-1121180	Godigamuwa North	3,827	360	1,114	910	984	413	46
LK-1121185	Wattegedara	7,315	793	1,860	1,783	2,013	780	86
LK-1121190	Navinna	4,648	536	1,284	1,042	1,213	498	75
LK-1121195	Wijerama	3,535	284	477	561	1,740	441	32
LK-1121200	Gangodavila South B	7,105	567	1,458	1,190	3,205	623	62
LK-1121205	Jambugasmulla	3,625	376	779	931	1,000	482	57
LK-1124	Sri Jayawardanapura Kotte	101,891	13,175	27,224	21,744	25,671	11,799	2,278
LK-1124005	Obsekarapura	11,030	2,230	5,073	1,815	1,174	340	398
LK-1124010	Welikada West	6,571	813	2,268	1,179	1,811	393	107
LK-1124015	Welikada East	6,336	810	1,612	1,468	1,697	652	97
LK-1124020	Rajagiriya	3,392	489	810	651	766	420	256
LK-1124025	Welikada North	4,476	982	1,983	660	421	246	184
LK-1124030	Nawala West	3,882	415	780	782	1,073	769	63
LK-1124035	Koswatta	5,394	599	1,377	1,107	1,408	805	98
LK-1124040	Ethulkotte West	3,200	316	607	821	987	421	48
LK-1124045	Ethulkotte	5,600	692	1,565	1,206	1,410	600	127
LK-1124050	Pitakotte East	3,750	418	884	905	1,041	430	72
LK-1124055	Pitakotte	3,437	427	844	758	948	396	64
LK-1124060	Pitakotte West	5,036	600	1,063	1,119	1,493	631	130
LK-1124065	Nawala East	5,163	581	974	1,178	1,481	878	71
LK-1124070	Nugegoda West	5,360	579	1,027	1,126	1,648	903	77
LK-1124075	Pagoda	5,210	608	1,124	1,223	1,502	682	71
LK-1124080	Nugegoda	3,226	277	617	799	996	492	45
LK-1124085	Pagoda East	5,636	667	1,295	1,406	1,527	626	115
LK-1124090	Gangodavila North	5,114	536	1,170	1,141	1,477	701	89
LK-1124095	Gangodavila South	6,927	746	1,605	1,649	1,801	1,022	104
LK-1124100	Gangodavila East	3,151	390	546	751	1,010	392	62
LK-1127	Thimbirigasyaya	223,616	35,607	70,962	45,456	44,798	20,166	6,627
LK-1127005	Kollupitiya	6,388	806	1,761	1,747	1,390	563	121
LK-1127010	Bambalapitiya	7,196	879	1,466	1,594	1,712	1,365	180
LK-1127015	Kurunduwatta	9,575	1,025	2,081	1,473	3,224	1,534	238
LK-1127020	Kuppiyawatta West	6,465	1,109	2,085	1,429	1,313	369	160
LK-1127025	Kuppiyawatta East	9,811	1,829	3,539	1,859	1,715	599	270
LK-1127030	Dematagoda	16,995	3,995	7,355	2,936	1,593	306	810
LK-1127035	Wanathamulla	15,928	3,803	7,448	2,436	1,367	268	606
LK-1127040	Borella North	20,283	3,779	9,117	3,611	2,398	546	832
LK-1127045	Borella South	4,851	600	1,392	1,009	1,081	657	112
LK-1127050	Gothamipura	6,101	1,132	2,129	1,057	1,002	549	232
LK-1127055	Narahenpita	10,335	1,678	3,332	2,052	2,049	988	236
LK-1127060	Thimbirigasyaya	12,052	1,694	3,222	2,361	2,965	1,524	286
LK-1127065	Milagiriya	7,078	777	1,365	1,504	2,206	1,057	169
LK-1127070	Havelock Town	7,106	839	1,280	1,508	1,877	1,433	169
LK-1127075	Kirula	19,045	2,804	5,835	4,312	4,079	1,500	515
LK-1127080	Kirulapone	16,647	2,862	5,553	3,348	2,979	1,336	569
LK-1127085	Wellawatta North	14,084	1,848	3,352	3,365	3,454	1,703	362
LK-1127090	Wellawatta South	10,260	1,099	2,186	2,590	2,845	1,329	211
LK-1127095	Pamankada West	11,842	1,291	2,692	2,747	3,295	1,579	238
LK-1127100	Pamankada East	11,574	1,758	3,772	2,518	2,254	961	311
LK-1130	Dehiwala	83,379	10,606	22,942	20,545	20,225	7,406	1,655
LK-1130005	Sri Saranankara	5,908	872	1,924	1,549	1,180	253	130
LK-1130010	Vilawala	5,933	897	2,103	1,185	1,175	440	133
LK-1130015	Dutugemunu	4,590	444	869	1,037	1,401	747	92
LK-1130020	Kohuwala	5,167	545	1,308	1,241	1,343	629	101
LK-1130025	Kalubovila	5,185	605	1,343	1,364	1,331	452	90
LK-1130030	Hathbodhiya	5,772	752	1,489	1,459	1,503	450	119
LK-1130035	Galwala	5,284	717	1,414	1,270	1,306	480	97
LK-1130040	Dehiwala West	4,935	478	952	1,188	1,439	803	75
LK-1130045	Dehiwala East	6,371	867	1,877	1,423	1,586	485	133
LK-1130050	Udyanaya	5,472	817	1,871	1,418	959	268	139
LK-1130055	Nedimala	8,452	1,090	2,141	2,217	2,145	637	222
LK-1130060	Malwatta	3,349	379	587	949	1,067	313	54
LK-1130065	Jayathilaka	4,141	548	1,123	998	956	439	77
LK-1130070	Karagampitiya	5,263	641	1,583	1,353	1,192	414	80
LK-1130075	Kawdana East	7,557	954	2,358	1,894	1,642	596	113
LK-1131	Ratmalana	89,142	12,738	28,122	22,217	18,785	5,382	1,898
LK-1131005	Mount Lavinia	7,854	1,111	2,225	1,778	1,831	686	223
LK-1131010	Kawdana West	6,153	739	1,700	1,838	1,423	378	75
LK-1131015	Watarappala	5,913	735	1,635	1,638	1,418	399	88
LK-1131020	Wathumulla	4,391	377	677	1,225	1,615	448	49
LK-1131025	Katukurunduwatta	11,191	2,182	4,064	2,323	1,666	544	412
LK-1131030	Attidiya North	8,255	1,066	2,802	2,294	1,603	361	129
LK-1131035	Attidiya South	7,170	943	2,032	1,813	1,737	533	112
LK-1131040	Piriwena	4,743	460	930	1,274	1,464	528	87
LK-1131045	Wedikanda	7,080	959	2,160	2,027	1,476	323	135
LK-1131050	Vihara	6,044	832	1,832	1,488	1,311	431	150
LK-1131055	Rathmalana West	5,286	964	2,451	1,132	549	89	101
LK-1131060	Rathmalana East	6,083	1,154	2,410	1,423	808	115	173
LK-1131065	Kandawala	8,979	1,216	3,204	1,964	1,884	547	164
LK-1133	Moratuwa	156,793	27,161	57,270	34,075	28,887	5,926	3,474
LK-1133005	Angulana North	3,860	1,070	1,766	508	315	22	179
LK-1133010	Kaldemulla	4,520	471	931	1,581	1,150	324	63
LK-1133015	Soysapura North	2,785	212	522	790	938	287	36
LK-1133020	Soysapura South	2,589	257	514	833	743	210	32
LK-1133025	Dahampura	2,592	320	804	705	588	148	27
LK-1133030	Thelawala North	5,099	672	1,795	1,553	786	174	119
LK-1133035	Borupana	5,560	700	2,205	1,277	996	260	122
LK-1133040	Thelawala South	3,692	430	1,250	1,046	715	164	87
LK-1133045	Lakshapathiya North	4,226	461	1,002	1,247	1,121	341	54
LK-1133050	Lakshapathiya Central	2,801	490	1,095	641	434	97	44
LK-1133055	Angulana South	3,017	852	1,424	422	165	20	134
LK-1133060	Uyana South	4,134	797	1,243	842	916	194	142
LK-1133065	Uyana North	3,437	905	1,452	513	376	72	119
LK-1133070	Rawathawatta South	1,976	267	542	506	533	103	25
LK-1133075	Rawathawatta East	3,754	525	1,103	885	936	221	84
LK-1133080	Lakshapathiya South	5,039	629	1,682	1,353	1,050	255	70
	Kuduwamulla	2,995	401	1,099	747	562	152	34
LK-1133090	Katubedda	10,006	1,160	2,705	2,066	3,310	591	174
LK-1133095	Molpe	7,031	1,116	2,287	1,112	2,115	286	115
LK-1133100	Moratumulla North	3,019	535	1,328	622	415	72	47
LK-1133105	Kadalana	3,300	442	1,184	829	691	116	38
LK-1133110	Rawathawatta West	3,187	341	678	790	1,075	276	27
LK-1133115	Idama	2,689	284	557	838	650	263	97
LK-1133120	Uswatta	2,039	413	964	407	186	30	39
LK-1133125	Moratuwella South	4,237	683	1,418	1,034	824	173	105
LK-1133130	Indibedda West	4,102	806	2,085	727	387	39	58
LK-1133135	Moratumulla East	3,593	581	1,471	927	496	55	63
LK-1133140	Moratumulla West	3,350	698	1,653	521	367	46	65
LK-1133145	Villorawatta East	3,404	608	1,576	707	426	45	42
LK-1133150	Villorawatta West	4,314	820	1,969	952	456	48	69
LK-1133155	Indibedda East	3,321	707	1,802	549	179	28	56
LK-1133160	Moratuwella North	2,125	255	429	597	647	155	42
LK-1133165	Moratuwella West	2,193	640	1,249	158	43	9	94
LK-1133170	Koralawella North	5,258	1,192	2,101	969	713	102	181
	Koralawella East	2,027	310	555	492	555	83	32
LK-1133180	Koralawella West	3,247	957	1,351	403	340	39	157
LK-1133185	Koralawella South	3,339	624	1,599	599	391	66	60
LK-1133190	Katukurunda North	3,294	724	1,456	532	401	73	108
LK-1133195	Katukurunda South	4,082	881	1,695	702	587	103	114
LK-1133200	Egoda Uyana North	4,235	1,011	1,589	881	594	69	91
LK-1133205	Egoda Uyana Central	2,666	555	1,106	489	392	68	56
LK-1133210	Egoda Uyana South	4,659	1,359	2,034	723	323	47	173
LK-1136	Kesbewa	228,266	30,519	72,261	57,559	50,863	13,856	3,208
LK-1136005	Pepiliyana West	4,765	516	998	1,298	1,410	470	73
LK-1136010	Pepiliyana East	1,664	181	476	408	444	139	16
LK-1136015	Divulpitiya East	2,203	246	737	551	471	175	23
LK-1136020	Divulpitiya West	2,492	235	665	687	648	223	34
LK-1136025	Bellanvila	3,215	366	868	901	816	219	45
LK-1136030	Boralesgamuwa West A	4,215	448	1,203	1,151	1,060	303	50
LK-1136035	Boralesgamuwa West C	1,396	170	520	316	275	104	11
LK-1136040	Rattanapitiya	4,567	353	859	893	1,840	573	49
LK-1136045	Egodawatta	3,171	250	581	535	1,258	453	94
LK-1136050	Boralesgamuwa East A	4,545	457	1,066	1,357	1,222	406	37
LK-1136055	Boralesgamuwa West B	2,645	295	737	702	662	223	26
LK-1136060	Werahera North	1,849	206	553	471	482	114	23
LK-1136065	Boralesgamuwa East B	4,860	530	1,126	1,332	1,365	454	53
LK-1136070	Neelammahara	3,102	447	878	935	654	151	37
LK-1136075	Katuwawala North	3,456	398	910	940	863	299	46
LK-1136080	Vishwakalawa	1,911	282	574	544	409	66	36
LK-1136085	Werahera South	4,829	710	1,631	1,233	918	255	82
LK-1136090	Katuwawala South	1,390	166	459	320	313	116	16
LK-1136095	Niwanthidiya	3,164	418	1,187	764	625	127	43
LK-1136100	Erewwala West	6,084	791	2,011	1,574	1,257	369	82
LK-1136105	Erewwala North	4,038	596	1,361	1,009	787	227	58
LK-1136110	Erewwala East	2,381	275	620	615	660	168	43
LK-1136115	Rathmaldeniya	5,061	633	1,148	1,214	1,424	570	72
LK-1136120	Mahalwarawa	2,603	309	527	653	765	313	36
LK-1136125	Bangalawatta	2,066	229	488	483	621	220	25
LK-1136130	Pelenwatta East	3,755	481	988	981	948	317	40
LK-1136135	Pelenwatta North	4,362	570	1,357	1,094	1,051	229	61
LK-1136140	Pelenwatta West	5,102	709	1,525	1,322	1,220	280	46
LK-1136145	Paligedara	2,847	390	842	847	586	130	52
LK-1136150	Kaliyammahara	2,838	401	948	765	588	111	25
LK-1136155	Bokundara	3,409	401	1,181	936	684	159	48
LK-1136160	Thumbovila South	3,051	432	993	839	603	141	43
LK-1136165	Thumbovila North	3,698	597	1,184	1,039	684	136	58
LK-1136170	Wewala West	4,582	645	1,612	1,119	908	228	70
LK-1136175	Wewala East	2,448	312	646	711	606	139	34
LK-1136180	Thumbovila West	2,537	273	587	685	735	214	43
LK-1136185	Mampe North	4,359	547	1,219	1,282	1,001	254	56
LK-1136190	Makuludoowa	3,010	410	947	798	688	130	37
LK-1136195	Gorakapitiya	1,609	216	542	414	312	91	34
LK-1136200	Nampamunuwa	3,133	432	957	829	741	130	44
LK-1136205	Mavittara North	2,557	327	606	673	724	184	43
LK-1136210	Mampe East	1,919	251	697	429	413	98	31
LK-1136215	Bodhirajapura	2,131	433	1,041	399	177	20	61
LK-1136220	Mampe West	2,855	364	725	815	709	200	42
LK-1136225	Mampe South	1,918	240	504	447	534	173	20
LK-1136230	Kolamunna	3,327	525	1,080	799	647	213	63
LK-1136235	Suwarapola East	2,600	301	755	660	605	253	26
LK-1136240	Suwarapola West	1,304	149	371	335	375	60	14
LK-1136245	Hedigama	4,013	606	1,535	913	733	182	44
LK-1136250	Batakettara North	5,420	769	2,040	1,412	945	186	68
LK-1136255	Kesbewa North	3,979	440	1,004	1,103	1,062	327	43
LK-1136260	Kesbewa East	1,899	231	516	493	488	146	25
LK-1136265	Mavittara South	1,748	252	474	400	481	125	16
LK-1136270	Honnanthara North	3,251	447	1,102	768	706	191	37
LK-1136275	Honnanthara South	3,713	433	1,017	971	986	264	42
LK-1136280	Makandana East	4,605	670	1,689	1,153	786	238	69
LK-1136285	Kesbewa South	5,897	810	1,773	1,639	1,336	259	80
LK-1136290	Batakettara South	6,105	878	2,238	1,559	1,162	206	62
LK-1136295	Madapatha	3,531	526	1,230	893	701	134	47
LK-1136300	Delthara West	1,892	359	993	335	150	23	32
LK-1136305	Delthara East	1,418	258	582	322	189	30	37
LK-1136310	Dampe	3,829	606	1,825	758	491	90	59
	Makandana West	4,034	678	1,719	847	593	109	88
LK-1136320	Nivungama	2,043	402	952	407	194	36	52
LK-1136325	Halpita	5,099	758	1,763	1,329	957	228	64
LK-1136330	Horathuduwa	1,493	181	305	430	463	91	23
LK-1136335	Morenda	1,206	170	399	315	220	80	22
LK-1136340	Batuwandara North	1,425	227	627	297	207	47	20
LK-1136345	Batuwandara South	1,363	203	607	300	186	39	28
LK-1136350	Jamburaliya	2,960	416	1,184	786	422	101	51
LK-1136355	Polhena	2,160	316	988	453	329	59	15
	Regidel Watta	1,156	291	666	119	46	8	26
LK-1136365	Kahapola	3,004	679	1,543	453	242	30	57
LK-12	Gampaha	2,129,373	356,938	869,570	464,926	333,637	66,132	38,170
LK-1203	Negombo	130,874	28,987	57,979	23,085	15,679	2,813	2,331
LK-1203005	Kammalthura	3,950	1,399	1,982	294	144	27	104
LK-1203010	Pallansena North	3,430	674	1,371	702	520	48	115
LK-1203015	Kochchikade	2,592	501	1,204	417	356	63	51
LK-1203020	Pallansena South	3,520	771	1,631	610	411	61	36
LK-1203025	Daluwakotuwa	4,469	883	2,018	822	583	97	66
LK-1203030	Palangathure	4,610	1,089	2,160	702	499	86	74
LK-1203035	Ettukala	3,283	670	1,541	625	348	43	56
LK-1203040	Daluwakotuwa East	5,047	1,040	2,368	854	605	82	98
LK-1203045	Kattuwa	4,569	856	2,038	808	676	117	74
LK-1203050	Dalupatha East	6,138	1,061	2,844	1,301	741	79	112
LK-1203055	Dalupatha	3,310	585	1,457	711	447	63	47
LK-1203060	Kudapaduwa	2,731	475	1,128	639	395	54	40
LK-1203065	Kudapaduwa North	3,602	980	1,714	511	252	36	109
LK-1203070	Kudapaduwa South	3,117	783	1,360	467	376	77	54
	Wellaweediya	3,618	1,137	1,756	410	220	36	59
	Wellaweediya East	2,774	775	1,188	425	291	51	44
LK-1203085	Periyamulla	2,887	419	883	768	622	142	53
LK-1203090	Hunupitiya	5,483	1,192	2,239	1,185	654	104	109
LK-1203095	Angurukaramulla	3,416	443	928	830	904	277	34
LK-1203100	Udayarthoppuwa	3,749	602	1,262	867	744	186	88
	Wellaweediya South	2,525	500	1,056	464	384	87	34
LK-1203110	Muttakkarai  North	2,692	596	1,182	414	329	66	105
LK-1203115	Doowa	2,674	742	1,413	352	119	18	30
LK-1203120	Pitipana North	2,702	691	1,339	387	206	33	46
LK-1203125	Pitipana Central	2,241	588	1,060	350	175	25	43
LK-1203130	Muttakkarai	2,758	860	1,364	312	153	26	43
LK-1203135	Muttakkarai East	1,904	666	916	194	100	9	19
LK-1203140	Thaladoowa	6,200	1,522	3,103	890	414	110	161
LK-1203145	Udayarthoppuwa South	2,279	532	988	353	293	73	40
LK-1203150	Bolawalana	5,155	717	1,972	1,186	1,025	187	68
LK-1203155	Kurana West	3,731	524	1,188	1,036	787	158	38
LK-1203160	Kurana East	2,430	300	829	631	561	91	18
LK-1203165	Siriwardana Pedesa	3,138	1,216	1,616	183	54	9	60
LK-1203170	Pitipana South ‐ East	2,418	643	1,235	373	124	19	24
LK-1203175	Pitipana South ‐ West	2,962	828	1,507	348	197	28	54
LK-1203180	Thalahena	3,395	712	1,752	515	315	41	60
LK-1203185	Dungalpitiya	1,909	301	799	459	279	50	21
LK-1203190	Settappaduwa	1,719	385	801	332	157	20	24
LK-1203195	Kepungoda	1,747	329	787	358	219	34	20
LK-1206	Katana	218,148	34,406	93,408	50,246	31,837	4,536	3,715
LK-1206005	Muruthana	1,240	341	494	190	151	13	51
LK-1206010	Manaveriya	1,573	298	715	299	191	43	27
LK-1206015	Udangawa	1,578	396	629	324	171	16	42
LK-1206020	Thoppuwa	2,690	627	1,269	329	367	34	64
LK-1206025	Bambukuliya	2,419	611	1,297	282	162	14	53
LK-1206030	Katana North	2,427	589	1,069	465	207	19	78
LK-1206035	Katana East	1,846	361	906	347	176	24	32
LK-1206040	Katana West	2,842	570	1,228	600	334	46	64
LK-1206045	Maha Ethgala	1,624	377	744	314	135	17	37
LK-1206050	Ethgala	2,759	714	1,362	414	173	21	75
LK-1206055	Adikkandiya	995	195	525	146	93	15	21
LK-1206060	Welihena North	1,705	385	763	325	163	35	34
LK-1206065	Welihena South	4,169	829	1,912	790	500	69	69
LK-1206070	Pahala Kandawala	1,630	288	538	475	250	53	26
LK-1206075	Ethgala South	901	181	423	162	114	9	12
LK-1206080	Ihala Kandawala	3,961	763	1,730	880	457	60	71
LK-1206085	Kaluwarippuwa West	3,341	693	1,328	731	460	61	68
LK-1206090	Kondagammulla	2,558	470	1,256	474	285	36	37
LK-1206095	Katiyala	2,951	617	1,347	551	324	52	60
LK-1206100	Kadirana North	5,168	984	2,480	892	599	83	130
LK-1206105	K.C. De Silva Puraya	3,385	777	1,958	345	208	19	78
LK-1206110	Thimbirigaskatuwa	2,410	348	923	570	456	77	36
LK-1206115	Sellakanda	4,142	843	1,866	782	486	83	82
LK-1206120	Katuwapitiya	2,169	368	828	499	400	47	27
LK-1206125	Mahahunupitiya West	1,863	406	775	365	222	40	55
LK-1206130	Mahahunupitiya East	2,309	560	1,042	328	177	43	159
LK-1206135	Pahala Kadirana	2,010	412	928	382	213	37	38
LK-1206140	Kadirana	5,088	848	1,946	1,228	869	125	72
LK-1206145	Akkara 50	6,415	1,339	2,889	1,221	743	115	108
LK-1206150	Kadirana South	2,961	643	1,605	416	212	21	64
LK-1206155	Kimbulapitiya West	2,411	495	1,173	425	237	30	51
LK-1206160	Kimbulapitiya North	1,563	390	647	294	162	18	52
LK-1206165	Kimbulapitiya South	3,091	635	1,399	599	329	41	88
LK-1206170	Kimbulapitiya Central	3,357	597	1,369	813	495	39	44
LK-1206175	Andiambalama West	6,140	825	2,601	1,531	975	125	83
LK-1206180	Walpola	1,801	371	885	282	209	25	29
LK-1206185	Andiambalama East	3,375	382	978	1,003	876	99	37
LK-1206190	Dewamottawa	3,390	557	1,411	779	525	52	66
LK-1206195	Kovinna	4,362	448	2,094	1,062	644	62	52
LK-1206200	Evariwatta	6,596	304	3,248	1,865	1,045	104	30
LK-1206205	Air Force Camp	2,507	166	179	981	1,068	96	17
	Kurana Katunayaka West	2,930	393	1,053	876	526	48	34
LK-1206215	Kurana Katunayaka North	2,495	317	638	750	684	73	33
LK-1206220	Kurana Katunayaka South	1,699	200	587	460	359	81	12
LK-1206225	Katunayaka North	2,029	247	615	668	396	62	41
LK-1206230	Katunayaka South	5,510	269	2,280	1,733	1,097	107	24
LK-1206235	Walanagoda	3,247	186	1,666	920	388	56	31
LK-1206240	Kalahapitiya	2,522	290	1,333	544	297	28	30
LK-1206245	Madawala	2,337	454	1,137	403	273	40	30
LK-1206250	Muthuwadiya	1,639	215	820	350	221	16	17
LK-1206255	Liyanagemulla North	5,572	528	2,770	1,325	744	120	85
LK-1206260	Liyanagemulla South	4,559	449	2,135	1,091	715	114	55
LK-1206265	Amandoluwa	8,053	598	3,130	2,782	1,310	148	85
LK-1206270	Thempala	1,352	221	473	307	266	59	26
LK-1206275	Kuswala	2,064	297	704	573	389	62	39
LK-1206280	Ganepola	1,808	270	775	392	278	62	31
LK-1206285	Heenatiyana West	2,273	438	1,125	421	212	25	52
LK-1206290	Heenatiyana South	2,277	504	1,190	268	220	19	76
LK-1206295	Heenatiyana East	1,943	449	997	259	81	28	129
LK-1206300	Raddolugama North A	1,605	163	314	499	499	115	15
LK-1206305	Raddolugama North	1,145	113	160	348	433	80	11
LK-1206310	Raddolugama South	1,772	179	296	581	607	100	9
LK-1206315	Raddolugama South A	1,705	163	331	564	511	125	11
LK-1206320	Raddoluwa North	2,344	340	803	641	449	85	26
LK-1206325	Raddoluwa West	2,909	471	1,349	629	314	104	42
LK-1206330	Seeduwa	4,820	708	2,305	1,072	577	108	50
LK-1206335	Mookalangamuwa West	2,867	341	1,241	757	388	110	30
LK-1206340	Mookalangamuwa East	2,229	277	976	503	372	78	23
LK-1206345	Bandarawatta East	1,770	208	703	479	292	64	24
LK-1206350	Bandarawatta West	3,816	608	1,733	887	479	52	57
LK-1206355	Dambaduraya	1,540	204	595	445	251	29	16
LK-1206360	Raddoluwa South	2,815	379	1,032	809	502	60	33
LK-1206365	Lansiyawadiya	2,307	301	1,071	572	269	64	30
LK-1206370	Kotugoda	2,453	403	1,130	512	308	42	58
LK-1206375	Kasagahawatta	1,683	215	524	577	300	44	23
LK-1206380	Udammita North	1,623	234	593	405	315	32	44
LK-1206385	Alawathupitiya	1,116	158	497	233	199	19	10
LK-1206390	Udammita South	1,390	227	617	286	207	33	20
LK-1206395	Ambalammulla	2,208	386	951	565	246	26	34
LK-1209	Divulapitiya	133,450	26,210	61,759	25,258	15,114	2,519	2,590
LK-1209005	Andimulla	1,321	283	546	309	138	20	25
LK-1209010	Ambalayaya	1,147	310	633	112	70	3	19
LK-1209015	Bolagala	647	130	286	149	69	4	9
LK-1209020	Otharawadiya	868	234	467	98	44	7	18
LK-1209025	Godigamuwa West	809	186	429	102	56	12	24
LK-1209030	Godigamuwa East	1,262	326	663	123	87	16	47
LK-1209035	Balawala	430	86	210	82	31	6	15
LK-1209040	Badalgama	1,164	216	532	243	110	35	28
LK-1209045	Delpakadawara	513	113	247	79	50	13	11
LK-1209050	Siringapathawatta	372	118	141	48	44	3	18
LK-1209055	Pethigoda	1,579	425	897	142	54	7	54
LK-1209060	Alugolla	1,120	281	599	132	71	9	28
LK-1209065	Polwatta	1,036	304	553	85	61	11	22
LK-1209070	Polhena	885	207	465	92	91	6	24
LK-1209075	Mellawagedara	1,158	243	525	223	116	22	29
LK-1209080	Diklanda	663	192	360	50	39	1	21
LK-1209085	Katukenda	1,017	243	515	147	76	9	27
LK-1209090	Akarangaha	1,009	197	464	192	115	19	22
LK-1209095	Kehelella West	944	223	450	156	88	6	21
LK-1209100	Lihiniyagammana	999	261	534	111	67	8	18
LK-1209105	Akaragama East	786	194	420	79	77	5	11
LK-1209110	Akaragama West	1,605	320	835	243	154	21	32
LK-1209115	Akaragama North	1,180	210	622	188	121	18	21
LK-1209120	Pahala Madampella	1,546	255	743	304	193	30	21
LK-1209125	Halpe	2,055	381	1,118	305	197	27	27
LK-1209130	Kaluwarippuwa East ‐ Uthura	1,312	250	517	337	167	16	25
LK-1209135	Kongodamulla North	797	173	429	100	71	5	19
LK-1209140	Kongodamulla West	1,350	310	765	181	69	9	16
LK-1209145	Kongodamulla South	1,334	322	682	194	98	8	30
LK-1209150	Kongodamulla East	1,503	324	713	310	119	16	21
LK-1209155	Ihala Madampella North	863	169	463	129	74	15	13
LK-1209160	Ihala Madampella West	932	193	378	231	106	10	14
LK-1209165	Ihala Madampella East	908	202	477	115	74	15	25
LK-1209170	Ihalagama	735	169	415	92	44	1	14
LK-1209175	Kehelella South	1,326	258	662	256	113	10	27
LK-1209180	Kehelella North	911	195	383	174	121	25	13
LK-1209185	Delwagura	750	101	294	210	113	19	13
LK-1209190	Wekada	819	144	352	190	110	6	17
LK-1209195	Kalumada	579	110	333	55	58	13	10
LK-1209200	Agalegedara	977	203	482	186	71	16	19
LK-1209205	Waradala	1,520	279	564	396	222	18	41
LK-1209210	Kotadeniyawa	1,734	361	697	397	197	44	38
LK-1209215	Erabadda	572	89	240	120	97	17	9
LK-1209220	Diyagampala	1,204	276	497	277	125	14	15
LK-1209225	Koradaminna	795	152	401	145	67	5	25
LK-1209230	Dimbuldeniya	896	191	476	131	58	17	23
LK-1209235	Paragoda North	796	176	395	123	65	6	31
LK-1209240	Paragoda South	729	122	390	144	32	20	21
LK-1209245	Moragalkanda	344	67	133	108	25	6	5
LK-1209250	Nawana West	859	134	345	224	124	23	9
LK-1209255	Hettimulla	975	175	439	185	146	22	8
LK-1209260	Haloluwa	662	124	248	171	98	8	13
LK-1209265	Kelegedara	758	132	302	176	111	18	19
LK-1209270	Heeralugedara	1,444	245	595	405	151	25	23
LK-1209275	Walpita	1,268	205	383	340	276	50	14
LK-1209280	Welagana	907	161	340	225	145	21	15
LK-1209285	Thammita	1,413	248	667	274	154	46	24
LK-1209290	Palliyapitiya West	902	123	434	208	112	18	7
LK-1209295	Induragara North	1,813	393	927	297	141	23	32
LK-1209300	Induragara South	676	172	387	65	32	3	17
LK-1209305	Kadawala North	1,706	334	854	279	175	33	31
LK-1209310	Kadawala	808	156	384	128	105	18	17
LK-1209315	Kaluwarippuwa East ‐ Dakuna	2,124	442	979	466	173	26	38
LK-1209320	Miriswatta	1,221	255	530	234	152	23	27
LK-1209325	Dagonna North	1,425	318	699	234	109	19	46
LK-1209330	Dagonna East	1,289	209	559	300	169	22	30
LK-1209335	Halgahawelawatta	586	136	300	105	31	3	11
LK-1209340	Katuwellegama North	971	182	447	187	117	20	18
LK-1209345	Kadawala South	887	179	458	133	85	15	17
LK-1209350	Batepola	1,565	242	709	311	244	40	19
LK-1209355	Doonagaha South	1,671	256	778	305	257	53	22
LK-1209360	Doonagaha	963	156	318	243	177	31	38
LK-1209365	Palliyapitiya East	1,322	240	614	239	181	30	18
LK-1209370	Hunumulla	1,700	275	844	355	174	22	30
LK-1209375	Hapugahagama	743	168	373	111	77	7	7
LK-1209380	Barawavila	1,064	178	367	249	201	50	19
LK-1209385	Kudagammana	1,778	318	754	389	256	42	19
LK-1209390	Pahala Madithiyawala	1,048	222	563	172	68	7	16
LK-1209395	Kaluaggala	767	118	336	188	98	20	7
LK-1209400	Kuleegedara	944	146	356	250	146	31	15
LK-1209405	Nawana East	527	104	214	101	88	17	3
LK-1209410	Nariyamulla	522	96	278	90	37	4	17
LK-1209125	Halpe	2,323	412	978	513	318	65	37
LK-1209420	Parana Halpe West	962	257	477	85	80	14	49
LK-1209425	Parana Halpe East	821	157	274	224	126	31	9
LK-1209430	Gurullagama	779	147	293	196	111	20	12
LK-1209435	Kithulwala Ihala	1,081	191	521	177	120	29	43
LK-1209440	Kithulwala Pahala	939	222	485	105	72	19	36
LK-1209445	Kithulwala North	934	211	428	150	100	17	28
LK-1209450	Kaluaggala Pahalagama	563	112	252	101	76	11	11
LK-1209455	Wattemulla	1,122	199	516	214	137	33	23
LK-1209460	Ihala Madithiyawala	870	164	411	172	102	10	11
LK-1209465	Hangawatta	371	71	128	98	63	8	3
LK-1209470	Rassapana	455	60	232	79	48	25	11
LK-1209475	Balagalla West	844	120	362	214	129	14	5
LK-1209480	Parana Handiya	349	60	173	53	49	7	7
LK-1209485	Pinnakele	806	189	402	129	66	5	15
LK-1209490	Pinnakele South	815	181	454	99	45	4	32
LK-1209495	Urapana	1,115	206	422	259	172	37	19
LK-1209500	Kelepitimulla	2,107	325	771	509	410	64	28
LK-1209505	Sayakkaramulla	637	87	263	139	116	24	8
LK-1209510	Henpitagedara	1,124	174	498	242	163	33	14
LK-1209515	Aluthepola West	1,587	294	697	353	189	32	22
LK-1209520	Thotillagahawatta	1,282	253	659	199	127	18	26
LK-1209525	Katuwellegama South	1,327	227	568	277	195	21	39
LK-1209530	Palugahawela	1,281	247	745	158	84	12	35
LK-1209535	Dagonna South	2,338	407	1,097	425	319	41	49
LK-1209540	Hapuwalana South	703	148	403	81	53	11	7
LK-1209545	Hapuwalana	725	123	264	204	110	9	15
LK-1209550	Bomugammana North	1,600	249	678	367	222	60	24
LK-1209555	Bomugammana South	964	157	379	259	125	27	17
LK-1209560	Pinnalanda	746	153	406	109	55	6	17
LK-1209565	Divulapitiya	1,879	319	828	403	256	47	26
LK-1209570	Balagalla East	841	136	377	152	131	34	11
LK-1209575	Ullalapola East	1,069	213	482	189	136	28	21
LK-1209580	Ullalapola West	1,067	210	490	240	99	18	10
LK-1209585	Wewagedara	731	103	245	205	139	36	3
LK-1209590	Horagasmulla	1,398	246	471	334	284	51	12
LK-1209595	Assennawatta East	2,874	634	1,380	476	284	54	46
LK-1209600	Hapuwalana North	723	125	286	165	117	23	7
LK-1209605	Assennawatta West	943	204	402	192	114	12	19
LK-1209610	Weragodamulla	2,022	401	889	389	258	42	43
LK-1209615	Aluthepola East	1,224	200	500	289	189	28	18
LK-1212	Mirigama	151,647	27,487	65,935	30,784	20,338	3,838	3,265
LK-1212005	Nalla	2,947	595	1,390	515	335	64	48
LK-1212010	Giriullagama	1,546	314	727	277	139	32	57
LK-1212015	Loluwagoda	1,822	339	754	353	279	55	42
LK-1212020	Delwala South	715	157	352	116	59	9	22
LK-1212025	Delwala	805	155	328	186	97	20	19
LK-1212030	Loluwagoda South	906	204	414	160	96	19	13
LK-1212035	Madurupitiya	833	147	391	157	104	21	13
LK-1212040	Hapugahagedara	806	160	358	141	107	15	25
LK-1212045	Kandangamuwa	1,236	237	436	309	196	35	23
LK-1212050	Henegama	852	147	350	228	90	25	12
LK-1212055	Maladeniya	1,163	208	556	224	122	23	30
LK-1212060	Kahandawa	1,399	246	549	326	204	38	36
LK-1212065	Kandalama	1,197	191	499	222	201	57	27
LK-1212070	Walbothale	1,733	285	696	415	244	56	37
LK-1212075	Pirisyala	977	161	451	178	151	22	14
LK-1212080	Kamarangawa	636	137	262	132	66	5	34
LK-1212085	Keenadeniya	1,185	194	513	246	176	27	29
LK-1212090	Bothale Pahalagama North	1,172	205	544	264	130	17	12
LK-1212095	Maveehena	809	163	448	109	43	6	40
LK-1212100	Kurunduwatta	1,133	254	454	291	85	17	32
	Purana Meerigama	1,132	155	362	318	224	59	14
LK-1212110	Hakurukumbura	2,136	326	763	543	378	95	31
LK-1212115	Mugurugampala	1,567	289	759	266	187	30	36
LK-1212120	Vilwatta	1,263	177	326	374	312	58	16
LK-1212125	Thawalampitiya	1,014	169	472	86	98	14	175
LK-1212130	Bothale Pahalagama	947	223	463	118	109	10	24
LK-1212135	Bothale Pahalagama West	892	169	445	145	101	11	21
LK-1212140	Bothale Medagama	781	131	311	155	164	10	10
LK-1212145	Bothale Pahalagama East	1,586	264	622	384	257	34	25
LK-1212150	Thalagama East	459	80	200	104	60	7	8
LK-1212155	Thalagama	691	113	267	186	88	20	17
LK-1212160	Balathawa	792	150	425	99	81	6	31
LK-1212165	Makoora	437	91	220	61	46	6	13
LK-1212170	Pottekanda	659	136	324	105	57	8	29
LK-1212175	Bothale Ihalagama	962	154	435	226	113	19	15
LK-1212180	Andagalakanda	557	123	234	111	48	7	34
LK-1212185	Halugama Ihala	797	164	476	87	46	4	20
LK-1212190	Kindiwala	561	133	258	87	52	13	18
LK-1212195	Halugama Pahala	458	67	208	84	76	9	14
	Meerigama	592	54	178	173	144	40	3
LK-1212205	Walawwatta	1,116	152	225	253	353	113	20
LK-1212210	Thilinagama	1,109	309	497	117	99	10	77
LK-1212215	Vijayarajadahana	778	83	190	191	246	65	3
LK-1212220	Neligama Ihala	492	86	244	87	58	9	8
LK-1212225	Neligama Central	1,036	83	208	204	484	40	17
LK-1212230	Neligama	922	116	273	300	191	33	9
LK-1212235	Lindara	908	191	424	153	108	17	15
LK-1212240	Halugama	1,430	230	587	350	199	41	23
LK-1212245	Siyambalagoda	703	165	376	73	51	8	30
LK-1212250	Lindara Pahala	531	75	245	114	81	12	4
LK-1212255	Pohonnaruwa	1,115	224	590	154	96	9	42
LK-1212260	Indiparape	931	163	365	177	174	40	12
LK-1212265	Kosetadeniya	584	91	190	160	117	15	11
LK-1212270	Imbulanwala	757	129	274	203	119	18	14
LK-1212275	Uduulla	434	71	152	108	66	19	18
LK-1212280	Gaspe	1,301	231	554	304	157	29	26
LK-1212285	Banduragoda	861	138	315	208	138	39	23
LK-1212290	Keppitiwalana	1,185	218	532	231	147	33	24
LK-1212295	Gaspe Pahalagama	731	103	279	164	137	35	13
LK-1212300	Galgana	368	52	137	105	59	12	3
LK-1212305	Pelapitigama	1,103	235	513	183	132	12	28
LK-1212310	Elhena	1,628	300	781	316	176	26	29
LK-1212315	Ganegoda	941	186	391	198	120	21	25
LK-1212320	Hiriwala	1,470	247	560	308	268	62	25
LK-1212325	Handurumulla	733	171	340	124	75	7	16
LK-1212330	Pamunuwatta	1,230	220	660	195	96	28	31
LK-1212335	Lindara Ihala	452	89	251	78	26	3	5
LK-1212340	Arukgoda	488	82	178	147	62	12	7
LK-1212345	Madabavita	1,147	244	504	206	154	25	14
LK-1212350	Madabavita Ihalagama	891	203	360	170	123	23	12
LK-1212355	Newgala	948	155	415	189	152	23	14
LK-1212360	Danovita	1,329	246	499	276	217	49	42
LK-1212365	Weweldeniya Pahalagama	830	139	353	180	133	16	9
LK-1212370	Weweldeniya Pahalagama We	1,207	174	555	283	137	38	20
LK-1212375	Henepola	441	69	185	103	76	3	5
LK-1212380	Palmada	629	132	336	96	48	4	13
LK-1212385	Kal/ Pallewela	972	172	279	314	165	30	12
LK-1212390	Raddalgoda	840	110	296	201	177	41	15
LK-1212395	Ihala Bokalagama	945	208	479	131	95	12	20
LK-1212400	Pahala Bokalagama	1,971	319	1,017	301	264	22	48
LK-1212405	Kukulnape	633	107	251	144	101	19	11
LK-1212410	Gaspe South	773	88	265	213	147	51	9
LK-1212415	Muddaragama	853	104	345	206	155	30	13
LK-1212420	Hanchapola	879	169	404	160	105	29	12
LK-1212425	Hirikuluwa	589	87	235	124	106	28	9
LK-1212430	Pathagama	629	105	262	142	101	10	9
LK-1212435	Borukgamuwa West	853	145	315	229	121	28	15
LK-1212440	Borukgamuwa	1,055	154	431	218	194	40	18
LK-1212445	Pallewela	773	102	308	186	133	31	13
LK-1212450	Weragoda/ Kakkele	1,074	158	450	219	196	36	15
LK-1212455	Hansagiriya	1,760	408	814	295	180	27	36
LK-1212460	Wellevilamulla North	853	141	395	175	107	21	14
LK-1212465	Wellevilamulla	1,660	184	911	347	150	54	14
LK-1212470	Udawela	1,172	192	482	251	196	34	17
LK-1212475	Hapitigama	929	174	384	198	138	21	14
LK-1212480	Makkanigoda North	1,444	258	596	359	161	39	31
LK-1212485	Pahalawela	491	96	203	108	68	8	8
LK-1212490	Millawala	1,100	236	516	190	109	26	23
LK-1212495	Weweldeniya Ihalagama West	731	138	310	149	105	18	11
LK-1212500	Weweldeniya Ihalagama	815	105	232	265	155	51	7
LK-1212505	Kotadeniya	936	177	394	233	93	15	24
LK-1212510	Ilukpatha/ Weragoda	997	264	456	154	85	11	27
LK-1212515	Hedidenikanda	701	156	341	116	62	9	17
LK-1212520	Radawadunna	1,334	288	617	240	142	22	25
LK-1212525	Bataleeya	1,119	223	579	128	152	15	22
LK-1212530	Bataleeya South	936	216	514	138	26	13	29
LK-1212535	Bolana	710	194	332	105	64	7	8
LK-1212540	Mallehewa	854	168	339	194	118	21	14
LK-1212545	Webadamulla	1,574	348	775	237	152	30	32
LK-1212550	Weragoda	777	138	364	171	72	21	11
LK-1212555	Midellawala	485	69	146	145	95	22	8
LK-1212560	Kendalanda	976	132	409	199	177	47	12
LK-1212565	Nungamuwa	1,186	208	517	282	126	33	20
LK-1212570	Uthuwanbogahawatta	1,231	169	462	357	185	42	16
LK-1212575	Maligathenna Pahala	1,442	287	798	200	106	9	42
LK-1212580	Maligathenna Central	1,587	331	947	184	94	8	23
LK-1212585	Wandurawa	1,608	258	742	313	218	38	39
LK-1212590	Galgamuwa West	1,347	177	589	303	208	52	18
LK-1212595	Galgamuwa East	908	134	335	247	146	31	15
LK-1212600	Kumbaloluwa	501	68	230	106	72	17	8
LK-1212605	Kumbaloluwa Ihala	1,013	188	416	195	173	25	16
LK-1212610	Kumbaloluwa Pahala	1,008	195	481	156	135	23	18
LK-1212615	Dumunnegedara South	646	181	315	73	45	7	25
LK-1212620	Dumunnegedara	651	103	253	181	91	15	8
LK-1212625	Pasyala	1,106	182	495	238	135	32	24
LK-1212630	Pasyala West	731	103	252	186	158	26	6
LK-1212635	Muruthawala	621	99	265	131	95	24	7
LK-1212640	Kithanawatta	1,958	435	806	453	196	33	35
LK-1212645	Kammalpitiya	1,182	312	606	140	82	10	32
LK-1212650	Radawadunna Central	822	197	447	86	60	11	21
LK-1212655	Imbulgasovita	840	196	458	104	50	2	30
LK-1212660	Radawadunna Pahala	671	163	372	79	34	7	16
LK-1212665	Weerasooriyakanda	1,311	242	448	354	197	29	41
LK-1212670	Pasyala East	782	123	289	195	123	46	6
LK-1212675	Udugama	1,257	193	439	348	221	47	9
LK-1212680	Panawala	765	114	313	178	123	20	17
LK-1212685	Delgahamedilla	1,213	180	481	283	210	48	11
LK-1212690	Mottunna West	860	115	367	188	145	26	19
LK-1212695	Mottunna	702	95	331	160	85	27	4
LK-1212700	Maligathenna	2,096	389	1,072	346	238	24	27
LK-1212705	Kureekotuwa	2,447	440	917	584	381	69	56
LK-1212710	Hakwadunna	872	151	333	202	138	30	18
LK-1212715	Kureekotuwa Pahala	864	137	400	186	105	20	16
LK-1212720	Ellalamulla	2,135	398	1,073	384	205	40	35
LK-1212725	Debahera	1,030	262	549	106	77	5	31
LK-1212730	Mawathahena	1,052	212	524	179	77	14	46
LK-1212735	Meevitiya	1,587	356	678	342	149	17	45
LK-1212740	Ketakalapitiya	637	143	368	67	37	2	20
LK-1212745	Dambutuwa	871	149	363	214	111	18	16
LK-1215	Minuwangoda	164,238	27,272	68,312	35,745	25,514	4,924	2,471
LK-1215005	Medemulla North	1,296	226	592	258	165	27	28
LK-1215010	Nilpanagoda West	1,491	320	656	327	135	11	42
LK-1215015	Nilpanagoda East	1,156	209	639	197	72	14	25
LK-1215020	Nilpanagoda	2,441	391	1,008	561	389	59	33
LK-1215025	Arangawa	1,612	332	746	304	183	27	20
LK-1215030	Horampella North	1,651	298	694	305	300	32	22
LK-1215035	Galkanda	851	146	408	172	95	20	10
LK-1215040	Bodhipihituwala	1,725	317	811	317	221	34	25
LK-1215045	Watinapaha	1,087	196	457	230	156	31	17
LK-1215050	Mabodala West	1,600	254	529	471	290	40	16
LK-1215055	Mabodala North	1,103	201	489	220	144	28	21
LK-1215060	Ihala Vithanamulla	939	164	423	172	144	20	16
LK-1215065	Nalapaha	727	118	295	157	115	32	10
LK-1215070	Pahala Vithanamulla	615	100	229	153	109	21	3
LK-1215075	Mabodala East	1,021	146	403	274	161	24	13
LK-1215080	Mabodala South	740	126	301	139	124	32	18
LK-1215085	Watinapaha South	1,129	160	556	217	143	36	17
LK-1215090	Wankepumulla	464	66	226	99	54	12	7
LK-1215095	Kamaragoda	1,118	166	566	191	166	17	12
LK-1215100	Kudagoda	997	192	438	215	126	16	10
LK-1215105	Horampella South	996	230	451	174	114	11	16
LK-1215110	Mahagama	1,634	305	746	363	152	25	43
LK-1215115	Wegowwa South	1,450	295	688	238	164	18	47
LK-1215120	Minuwangoda East	1,921	288	859	364	298	83	29
LK-1215125	Minuwangoda North	1,082	144	244	329	291	57	17
LK-1215130	Medemulla South	2,775	451	1,170	598	451	59	46
LK-1215135	Boragodawatta North	1,753	342	846	343	166	27	29
LK-1215140	Yatiyana	2,004	368	849	461	249	44	33
LK-1215145	Peellawatta	1,552	293	749	294	167	21	28
LK-1215150	Unnaruwa	1,389	214	551	336	219	45	24
LK-1215155	Yatiyana Central	1,413	198	477	389	292	44	13
LK-1215160	Yatiyana East	1,847	270	582	516	401	55	23
